,HighBP,HighChol,CholCheck,BMI,Smoker,Stroke,HeartDiseaseorAttack,PhysActivity,Fruits,Veggies,HvyAlcoholConsump,AnyHealthcare,NoDocbcCost,GenHlth,MentHlth,PhysHlth,DiffWalk,Sex,Age,Education,Income,diabetes
count,177576.0,177576.0,177576.0,177576.0,177576.0,177576.0,177576.0,177576.0,177576.0,177576.0,177576.0,177576.0,177576.0,177576.0,177576.0,177576.0,177576.0,177576.0,177576.0,177576.0,177576.0,177576.0
mean,0.4292697211334865,0.4227936207595621,0.9626695048880479,28.385046402667026,0.4433482002072352,0.040703698698022255,0.09403297742938235,0.7563184214082984,0.6350520340586566,0.8122043519394513,0.056291390728476824,0.9512828310132,0.08454408253367572,2.5127945217822227,3.1833299544983555,4.254178492589088,0.16818714240663152,0.44078591701581293,8.03206514393837,5.048993107176646,6.0514089741857005,0.1393318916970762
std,0.49497334002405813,0.49400460452559375,0.18957091449563354,6.591640768028933,0.4967816052979792,0.1976034602429568,0.2918754123431356,0.42930397706399315,0.48141692247015205,0.39054999882511776,0.23048420599810077,0.2152767228808189,0.278202833368029,1.0684866382716547,7.4056253634821845,8.724844945749714,0.37403344151710544,0.4964827091517637,3.055795767351076,0.9863484905867701,2.072934109261839,0.34629350407583254
min,0.0,0.0,0.0,12.0,0.0,0.0,0.0,0.0,0.0,0.0,0.0,0.0,0.0,1.0,0.0,0.0,0.0,0.0,1.0,1.0,1.0,0.0
25%,0.0,0.0,1.0,24.0,0.0,0.0,0.0,1.0,0.0,1.0,0.0,1.0,0.0,2.0,0.0,0.0,0.0,0.0,6.0,4.0,5.0,0.0
50%,0.0,0.0,1.0,27.0,0.0,0.0,0.0,1.0,1.0,1.0,0.0,1.0,0.0,2.0,0.0,0.0,0.0,0.0,8.0,5.0,7.0,0.0
75%,1.0,1.0,1.0,31.0,1.0,0.0,0.0,1.0,1.0,1.0,0.0,1.0,0.0,3.0,2.0,3.0,0.0,1.0,10.0,6.0,8.0,0.0
max,1.0,1.0,1.0,98.0,1.0,1.0,1.0,1.0,1.0,1.0,1.0,1.0,1.0,5.0,30.0,30.0,1.0,1.0,13.0,6.0,8.0,1.0
